id,name,floor,thickness,height,length,material,isExternal
wall_1,Wand-Int-ERDG-4,1,0.15,2.8,5.0,Concrete,false
wall_2,Wand-Int-ERDG-2,1,0.15,2.8,5.0,Concrete,false
wall_3,Wand-Int-ERDG-1,1,0.15,2.8,5.0,Concrete,false
wall_4,Wand-Int-ERDG-3,1,0.15,2.8,5.0,Concrete,false
wall_5,Wand-Int-ERDG-5,1,0.15,2.8,5.0,Concrete,false
wall_6,Wand-Ext-ERDG-1,1,0.15,2.8,5.0,Concrete,false
wall_7,Wand-Ext-ERDG-4,1,0.15,2.8,5.0,Concrete,false
wall_8,Wand-Ext-ERDG-3,1,0.15,2.8,5.0,Concrete,false
wall_9,Wand-Ext-ERDG-2,1,0.15,2.8,5.0,Concrete,false
wall_10,Wand-Ext-OG-1,2,0.3,2.6,5.0,Brick,true
wall_11,Wand-Ext-OG-2,2,0.3,2.6,5.0,Brick,true
wall_12,Wand-Ext-OG-3,2,0.3,2.6,5.0,Brick,true
wall_13,Wand-Ext-OG-4,2,0.3,2.6,5.0,Brick,true
