source_id,target_id,rel_type
project_0,storey_1,CONTAINS
project_0,storey_2,CONTAINS
storey_1,wall_1,CONTAINS
storey_1,wall_2,CONTAINS
storey_1,wall_3,CONTAINS
storey_1,wall_4,CONTAINS
storey_1,wall_5,CONTAINS
storey_1,wall_6,CONTAINS
storey_1,wall_7,CONTAINS
storey_1,wall_8,CONTAINS
storey_1,wall_9,CONTAINS
storey_2,wall_10,CONTAINS
storey_2,wall_11,CONTAINS
storey_2,wall_12,CONTAINS
storey_2,wall_13,CONTAINS
storey_1,floor_1,CONTAINS
storey_2,floor_2,CONTAINS
storey_2,roof_left,CONTAINS
storey_2,roof_right,CONTAINS
storey_1,stair_1,CONTAINS
